Source,Target
M001,M002
M001,M003
M001,M004
M001,M005
M001,M006
M001,M007
M001,M008
M001,M009
M001,M010
M001,M011
M001,M012
M001,M013
M001,M014
M001,M015
M001,M016
M001,M017
M001,M018
M001,M019
M001,M020
M001,M021
M001,M022
M001,M023
M001,M024
M001,M025
M002,M003
M002,M025
M003,M004
M004,M005
M004,M015
M005,M006
M006,M007
M007,M008
M008,M009
M009,M010
M009,M021
M010,M011
M011,M012
M011,M019
M011,M016
M012,M013
M013,M014
M014,M015
M015,M016
M016,M017
M017,M018
M018,M019
M018,M021
M019,M020
M020,M021
M021,M022
M022,M023
M023,M024
M024,M025
